Id	m/z	Charge	Peptide	Protein	PosFrom	PosTo	ExpM/z	m/zShift	StartScan	EndScan	ApexScan	ApexRT(m)	30s	10m	60m
1	420.687	2	ANCERTF	foo	2	8	420.667	-0.020	311	395	338	6.76	1	1	2~1
2	695.720	3	ERTFIAIKPDGVQRGLVGE	foo	5	23	695.706	-0.014	440	471	453	8.72	1	1	1
3	566.989	3	FIAIKPDGVQRGLVGE	foo	8	23	566.985	-0.004	452	467	458	8.80	1	1	1
4	517.967	3	IAIKPDGVQRGLVGE	foo	9	23	517.940	-0.026	409	415	411	8.00	2	2	2
5	776.446	2	IAIKPDGVQRGLVGE	foo	9	23	776.398	-0.048	400	448	411	8.00	1	1	1
6	663.639	4	IAIKPDGVQRGLVGEIIKRFEQKG	foo	9	32	663.627	-0.013	555	574	560	10.54	1	2~0	0~3
7	767.703	4	IAIKPDGVQRGLVGEIIKRFEQKGFRL	foo	9	35	767.693	-0.010	591	697	622	11.59	0~3	0~3	0~3
8	512.312	3	IIKRFEQKGFRL	foo	24	35	512.294	-0.018	413	471	431	8.34	1	1	1
9	490.308	2	FRLVGLKF	foo	33	40	490.290	-0.018	517	564	532	10.06	-	1~0	1~0
10	941.478	3	MQASEDLLKEHYVDLKDRPFFAGL	foo	41	64	941.457	-0.020	538	569	548	10.33	7	10	11
11	569.807	4	DLLKEHYVDLKDRPFFAGL	foo	46	64	569.797	-0.011	538	560	544	10.26	6	8	8
12	452.494	4	LKEHYVDLKDRPFF	foo	48	61	452.480	-0.014	476	484	480	9.18	-	4	4
13	602.989	3	LKEHYVDLKDRPFF	foo	48	61	602.981	-0.009	476	484	480	9.18	-	4	4
14	683.370	3	LKEHYVDLKDRPFFAGL	foo	48	64	683.362	-0.009	503	571	527	9.98	5	6	6
15	1024.552	2	LKEHYVDLKDRPFFAGL	foo	48	64	1024.514	-0.038	496	505	500	9.52	5	6	6
16	484.509	4	KEHYVDLKDRPFFAGL	foo	49	64	484.483	-0.025	462	479	467	8.96	5	6	6
17	645.676	3	KEHYVDLKDRPFFAGL	foo	49	64	645.651	-0.025	493	508	498	9.48	5	6	7
18	559.963	3	HYVDLKDRPFFAGL	foo	51	64	559.948	-0.015	509	562	525	9.94	5	6	7
19	650.858	2	LVKYMHSGPVVA	foo	64	75	650.807	-0.051	384	400	390	7.65	1	2	2
20	716.378	2	LVKYMHSGPVVAM	foo	64	76	716.369	-0.009	414	431	419	8.14	-	2	2
21	594.316	2	VKYMHSGPVVA	foo	65	75	594.280	-0.036	365	399	375	7.39	2~0	2	2
22	501.810	2	VVKTGRVML	foo	83	91	501.780	-0.030	361	394	375	7.39	1~0	1	1
23	687.114	4	VVKTGRVMLGETNPADSKPGTIRGDF	foo	83	108	687.099	-0.016	435	496	458	8.80	4	5	4
24	680.846	2	PADSKPGTIRGDF	foo	96	108	680.838	-0.008	410	457	426	8.26	2	3	3
25	639.329	4	CIQVGRNIIHGSDSVESAEKEIGL	foo	109	132	639.314	-0.015	502	673	534	10.09	4	5	7
26	852.103	3	CIQVGRNIIHGSDSVESAEKEIGL	foo	109	132	852.091	-0.012	518	648	558	10.50	4	5	6
27	586.275	2	WFHPEELVD	foo	133	141	586.255	-0.019	524	561	535	10.11	2~0	2	2
