Id	m/z	Charge	Peptide	D2OLabel	1stDeuNum	1stDeu%	2ndDeuNum	2ndDeu%	PredictedDdeu	StartScan	EndScan	StartRT(m)	EndRT(m)	ObservedDdeu(aggregated)	MatchedScore
1	420.687	2	ANCERTF	30s	1	1.00	-	-	0.204;0.332;0.260;0.133;0.051;0.016;0.004;0.001;0.000;0.000;0.000;0.000	342	386	6.83	7.58	0.189;0.323;0.249;0.151;0.047;0.041;0.0;0.0;0.0;0.0;0.0	0.93
1	420.687	2	ANCERTF	10m	1	1.00	-	-	0.204;0.332;0.260;0.133;0.051;0.016;0.004;0.001;0.000;0.000;0.000;0.000	342	383	6.83	7.53	0.172;0.306;0.249;0.170;0.053;0.049;0.0;0.0;0.0;0.0;0.0	0.88
1	420.687	2	ANCERTF	60m	2	0.56	1	0.44	0.121;0.251;0.272;0.199;0.106;0.043;0.014;0.004;0.001;0.000;0.000;0.000	342	390	6.83	7.65	0.117;0.268;0.279;0.206;0.079;0.050;0.0;0.0;0.0;0.0;0.0	0.93
2	695.720	3	ERTFIAIKPDGVQRGLVGE	30s	1	1.00	-	-	0.115;0.252;0.278;0.207;0.117;0.053;0.020;0.007;0.002;0.000;0.000;0.000;0.000;0.000;0.000;0.000;0.000;0.000;0.000;0.000;0.000;0.000;0.000;0.000	448	461	8.63	8.85	0.154;0.236;0.233;0.175;0.104;0.053;0.023;0.009;0.013;0.0;0.0;0.0;0.0;0.0;0.0;0.0;0.0;0.0;0.0;0.0;0.0;0.0;0.0	0.88
2	695.720	3	ERTFIAIKPDGVQRGLVGE	10m	1	1.00	-	-	0.114;0.249;0.275;0.205;0.115;0.053;0.020;0.007;0.002;0.000;0.000;0.000;0.000;0.000;0.000;0.000;0.000;0.000;0.000;0.000;0.000;0.000;0.000;0.000	446	462	8.60	8.87	0.130;0.215;0.230;0.183;0.117;0.064;0.030;0.015;0.013;0.001;0.001;0.001;0.0;0.0;0.0;0.0;0.0;0.0;0.0;0.0;0.0;0.0;0.0	0.88
2	695.720	3	ERTFIAIKPDGVQRGLVGE	60m	1	1.00	-	-	0.114;0.249;0.275;0.205;0.115;0.053;0.020;0.007;0.002;0.000;0.000;0.000;0.000;0.000;0.000;0.000;0.000;0.000;0.000;0.000;0.000;0.000;0.000;0.000	447	466	8.62	8.94	0.133;0.212;0.228;0.180;0.116;0.066;0.033;0.017;0.015;0.000;0.0;0.0;0.0;0.0;0.0;0.0;0.0;0.0;0.0;0.0;0.0;0.0;0.0	0.87
3	566.989	3	FIAIKPDGVQRGLVGE	30s	1	1.00	-	-	0.145;0.292;0.294;0.198;0.101;0.041;0.014;0.004;0.001;0.000;0.000;0.000;0.000;0.000;0.000;0.000;0.000;0.000;0.000;0.000;0.000	456	462	8.77	8.87	0.189;0.300;0.238;0.155;0.079;0.029;0.010;0.0;0.0;0.0;0.0;0.0;0.0;0.0;0.0;0.0;0.0;0.0;0.0;0.0	0.83
3	566.989	3	FIAIKPDGVQRGLVGE	10m	1	1.00	-	-	0.145;0.292;0.294;0.198;0.101;0.041;0.014;0.004;0.001;0.000;0.000;0.000;0.000;0.000;0.000;0.000;0.000;0.000;0.000;0.000;0.000	452	464	8.70	8.90	0.160;0.274;0.235;0.170;0.097;0.042;0.016;0.006;0.0;0.0;0.0;0.0;0.0;0.0;0.0;0.0;0.0;0.0;0.0;0.0	0.90
3	566.989	3	FIAIKPDGVQRGLVGE	60m	1	1.00	-	-	0.145;0.292;0.294;0.198;0.101;0.041;0.014;0.004;0.001;0.000;0.000;0.000;0.000;0.000;0.000;0.000;0.000;0.000;0.000;0.000;0.000	456	474	8.77	9.07	0.188;0.271;0.227;0.157;0.090;0.040;0.017;0.009;0.002;0.0;0.0;0.0;0.0;0.0;0.0;0.0;0.0;0.0;0.0;0.0	0.86
4	517.967	3	IAIKPDGVQRGLVGE	30s	2	1.00	-	-	0.044;0.140;0.216;0.215;0.156;0.088;0.040;0.015;0.005;0.001;0.000;0.000;0.000;0.000;0.000;0.000;0.000;0.000;0.000	404	450	7.88	8.67	0.169;0.198;0.198;0.174;0.125;0.064;0.037;0.023;0.008;0.002;0.002;0.0;0.0;0.0;0.0;0.0;0.0;0.0	0.73
4	517.967	3	IAIKPDGVQRGLVGE	10m	2	1.00	-	-	0.049;0.155;0.239;0.238;0.173;0.097;0.044;0.017;0.005;0.001;0.000;0.000;0.000;0.000;0.000;0.000;0.000;0.000;0.000	398	450	7.78	8.67	0.156;0.197;0.190;0.165;0.127;0.071;0.043;0.030;0.012;0.005;0.004;0.0;0.0;0.0;0.0;0.0;0.0;0.0	0.73
4	517.967	3	IAIKPDGVQRGLVGE	60m	2	1.00	-	-	0.044;0.141;0.218;0.217;0.158;0.089;0.041;0.015;0.005;0.001;0.000;0.000;0.000;0.000;0.000;0.000;0.000;0.000;0.000	401	450	7.83	8.67	0.150;0.188;0.182;0.155;0.123;0.074;0.050;0.041;0.021;0.011;0.007;0.000;0.0;0.0;0.0;0.0;0.0;0.0	0.69
5	776.446	2	IAIKPDGVQRGLVGE	30s	1	1.00	-	-	0.143;0.274;0.262;0.167;0.080;0.031;0.010;0.002;0.001;0.000;0.000;0.000;0.000;0.000;0.000;0.000;0.000;0.000;0.000	405	419	7.90	8.14	0.225;0.268;0.241;0.162;0.074;0.024;0.006;0.0;0.0;0.0;0.0;0.0;0.0;0.0;0.0;0.0;0.0;0.0	0.87
5	776.446	2	IAIKPDGVQRGLVGE	10m	1	1.00	-	-	0.149;0.285;0.273;0.174;0.084;0.032;0.010;0.003;0.001;0.000;0.000;0.000;0.000;0.000;0.000;0.000;0.000;0.000;0.000	406	417	7.92	8.11	0.206;0.258;0.241;0.171;0.085;0.029;0.009;0.001;0.0;0.0;0.0;0.0;0.0;0.0;0.0;0.0;0.0;0.0	0.89
5	776.446	2	IAIKPDGVQRGLVGE	60m	1	1.00	-	-	0.161;0.308;0.294;0.188;0.090;0.035;0.011;0.003;0.001;0.000;0.000;0.000;0.000;0.000;0.000;0.000;0.000;0.000;0.000	409	419	7.97	8.14	0.204;0.259;0.238;0.167;0.084;0.032;0.011;0.004;0.0;0.0;0.0;0.0;0.0;0.0;0.0;0.0;0.0;0.0	0.88
6	663.639	4	IAIKPDGVQRGLVGEIIKRFEQKG	30s	1	1.00	-	-	0.086;0.214;0.271;0.232;0.151;0.080;0.035;0.014;0.005;0.001;0.000;0.000;0.000;0.000;0.000;0.000;0.000;0.000;0.000;0.000;0.000;0.000;0.000;0.000;0.000;0.000;0.000;0.000;0.000;0.000	557	563	10.49	10.59	0.097;0.203;0.237;0.201;0.127;0.073;0.043;0.018;0.0;0.0;0.0;0.0;0.0;0.0;0.0;0.0;0.0;0.0;0.0;0.0;0.0;0.0;0.0;0.0;0.0;0.0;0.0;0.0;0.0	0.91
6	663.639	4	IAIKPDGVQRGLVGEIIKRFEQKG	10m	2	0.59	0	0.41	0.115;0.205;0.224;0.197;0.149;0.098;0.055;0.027;0.012;0.005;0.002;0.000;0.000;0.000;0.000;0.000;0.000;0.000;0.000;0.000;0.000;0.000;0.000;0.000;0.000;0.000;0.000;0.000;0.000;0.000	538	570	10.16	10.71	0.119;0.198;0.186;0.161;0.144;0.105;0.054;0.022;0.008;0.002;0.000;0.0;0.0;0.0;0.0;0.0;0.0;0.0;0.0;0.0;0.0;0.0;0.0;0.0;0.0;0.0;0.0;0.0;0.0	0.89
6	663.639	4	IAIKPDGVQRGLVGEIIKRFEQKG	60m	0	0.55	3	0.45	0.124;0.194;0.182;0.147;0.118;0.091;0.064;0.040;0.022;0.011;0.005;0.002;0.001;0.000;0.000;0.000;0.000;0.000;0.000;0.000;0.000;0.000;0.000;0.000;0.000;0.000;0.000;0.000;0.000;0.000	540	570	10.20	10.71	0.127;0.201;0.180;0.159;0.142;0.105;0.053;0.022;0.009;0.002;0.000;0.000;0.0;0.0;0.0;0.0;0.0;0.0;0.0;0.0;0.0;0.0;0.0;0.0;0.0;0.0;0.0;0.0;0.0	0.89
7	767.703	4	IAIKPDGVQRGLVGEIIKRFEQKGFRL	30s	0	0.62	3	0.38	0.116;0.207;0.210;0.169;0.128;0.095;0.067;0.043;0.024;0.013;0.006;0.002;0.001;0.000;0.000;0.000;0.000;0.000;0.000;0.000;0.000;0.000;0.000;0.000;0.000;0.000;0.000;0.000;0.000;0.000;0.000;0.000;0.000	568	592	10.67	11.08	0.120;0.199;0.182;0.150;0.128;0.100;0.063;0.034;0.016;0.007;0.003;0.0;0.0;0.0;0.0;0.0;0.0;0.0;0.0;0.0;0.0;0.0;0.0;0.0;0.0;0.0;0.0;0.0;0.0;0.0;0.0;0.0	0.91
7	767.703	4	IAIKPDGVQRGLVGEIIKRFEQKGFRL	10m	0	0.54	3	0.46	0.095;0.173;0.182;0.157;0.128;0.101;0.073;0.048;0.027;0.014;0.007;0.003;0.001;0.000;0.000;0.000;0.000;0.000;0.000;0.000;0.000;0.000;0.000;0.000;0.000;0.000;0.000;0.000;0.000;0.000;0.000;0.000;0.000	569	631	10.69	11.74	0.082;0.172;0.181;0.156;0.133;0.112;0.079;0.047;0.022;0.010;0.005;0.0;0.0;0.0;0.0;0.0;0.0;0.0;0.0;0.0;0.0;0.0;0.0;0.0;0.0;0.0;0.0;0.0;0.0;0.0;0.0;0.0	0.94
7	767.703	4	IAIKPDGVQRGLVGEIIKRFEQKGFRL	60m	0	0.55	3	0.45	0.097;0.176;0.184;0.157;0.127;0.099;0.072;0.047;0.027;0.014;0.006;0.003;0.001;0.000;0.000;0.000;0.000;0.000;0.000;0.000;0.000;0.000;0.000;0.000;0.000;0.000;0.000;0.000;0.000;0.000;0.000;0.000;0.000	570	631	10.71	11.74	0.079;0.169;0.180;0.156;0.134;0.112;0.080;0.049;0.023;0.011;0.006;0.001;0.0;0.0;0.0;0.0;0.0;0.0;0.0;0.0;0.0;0.0;0.0;0.0;0.0;0.0;0.0;0.0;0.0;0.0;0.0;0.0	0.93
8	512.312	3	IIKRFEQKGFRL	30s	1	1.00	-	-	0.134;0.265;0.259;0.167;0.081;0.031;0.010;0.002;0.000;0.000;0.000;0.000;0.000;0.000;0.000;0.000;0.000	415	436	8.07	8.43	0.236;0.273;0.240;0.164;0.064;0.018;0.005;0.0;0.0;0.0;0.0;0.0;0.0;0.0;0.0;0.0	0.84
8	512.312	3	IIKRFEQKGFRL	10m	1	1.00	-	-	0.137;0.271;0.265;0.171;0.082;0.032;0.010;0.002;0.000;0.000;0.000;0.000;0.000;0.000;0.000;0.000;0.000	400	438	7.82	8.46	0.225;0.265;0.239;0.171;0.071;0.021;0.007;0.0;0.0;0.0;0.0;0.0;0.0;0.0;0.0;0.0	0.85
8	512.312	3	IIKRFEQKGFRL	60m	1	1.00	-	-	0.130;0.257;0.251;0.162;0.078;0.030;0.009;0.002;0.000;0.000;0.000;0.000;0.000;0.000;0.000;0.000;0.000	403	440	7.87	8.50	0.224;0.264;0.236;0.169;0.074;0.023;0.010;0.001;0.0;0.0;0.0;0.0;0.0;0.0;0.0;0.0	0.84
9	490.308	2	FRLVGLKF	30s	-	-	-	-	-	-	-	-	-	-	-	
9	490.308	2	FRLVGLKF	10m	1	0.53	0	0.47	0.359;0.327;0.194;0.088;0.031;0.008;0.002;0.000;0.000;0.000;0.000;0.000	518	537	9.82	10.15	0.352;0.348;0.208;0.070;0.019;0.002;0.0;0.0;0.0;0.0;0.0	0.92
9	490.308	2	FRLVGLKF	60m	1	0.51	0	0.49	0.381;0.339;0.199;0.089;0.032;0.008;0.002;0.000;0.000;0.000;0.000;0.000	520	540	9.86	10.20	0.331;0.344;0.218;0.079;0.023;0.004;0.001;0.0;0.0;0.0;0.0	0.90
10	941.478	3	MQASEDLLKEHYVDLKDRPFFAGL	30s	7	1.00	-	-	0.000;0.000;0.003;0.010;0.028;0.057;0.095;0.131;0.152;0.152;0.132;0.100;0.068;0.041;0.022;0.011;0.005;0.002;0.001;0.000;0.000;0.000;0.000;0.000;0.000;0.000;0.000;0.000;0.000;0.000;0.000	532	568	10.06	10.67	0.0;0.0;0.0;0.006;0.019;0.046;0.087;0.125;0.150;0.157;0.140;0.109;0.077;0.045;0.024;0.013;0.003;0.0;0.0;0.0;0.0;0.0;0.0;0.0;0.0;0.0;0.0;0.0;0.0;0.0	0.91
10	941.478	3	MQASEDLLKEHYVDLKDRPFFAGL	10m	10	1.00	-	-	0.000;0.000;0.000;0.000;0.002;0.006;0.015;0.033;0.061;0.096;0.128;0.149;0.151;0.135;0.106;0.074;0.046;0.026;0.013;0.006;0.002;0.001;0.000;0.000;0.000;0.000;0.000;0.000;0.000;0.000;0.000	535	576	10.11	10.81	0.0;0.0;0.0;0.0;0.001;0.006;0.017;0.037;0.068;0.101;0.126;0.139;0.140;0.124;0.099;0.069;0.040;0.020;0.010;0.003;0.0;0.0;0.0;0.0;0.0;0.0;0.0;0.0;0.0;0.0	0.91
10	941.478	3	MQASEDLLKEHYVDLKDRPFFAGL	60m	11	1.00	-	-	0.000;0.000;0.000;0.000;0.000;0.002;0.006;0.015;0.033;0.060;0.093;0.125;0.146;0.148;0.133;0.105;0.073;0.045;0.025;0.013;0.006;0.002;0.001;0.000;0.000;0.000;0.000;0.000;0.000;0.000;0.000	537	570	10.15	10.71	0.0;0.0;0.0;0.0;0.0;0.001;0.005;0.014;0.033;0.063;0.094;0.121;0.137;0.139;0.127;0.106;0.074;0.045;0.025;0.010;0.003;0.0;0.0;0.0;0.0;0.0;0.0;0.0;0.0;0.0	0.95
11	569.807	4	DLLKEHYVDLKDRPFFAGL	30s	6	1.00	-	-	0.000;0.002;0.009;0.028;0.065;0.113;0.156;0.176;0.165;0.131;0.089;0.052;0.026;0.012;0.005;0.002;0.000;0.000;0.000;0.000;0.000;0.000;0.000;0.000	533	557	10.08	10.49	0.0;0.002;0.009;0.027;0.072;0.121;0.166;0.167;0.150;0.115;0.091;0.048;0.018;0.009;0.006;0.0;0.0;0.0;0.0;0.0;0.0;0.0;0.0	0.90
11	569.807	4	DLLKEHYVDLKDRPFFAGL	10m	8	1.00	-	-	0.000;0.000;0.001;0.003;0.012;0.031;0.064;0.107;0.147;0.167;0.160;0.130;0.090;0.053;0.027;0.012;0.005;0.002;0.000;0.000;0.000;0.000;0.000;0.000	535	566	10.11	10.64	0.0;0.000;0.001;0.003;0.012;0.039;0.085;0.122;0.152;0.161;0.158;0.115;0.075;0.042;0.027;0.005;0.002;0.0;0.0;0.0;0.0;0.0;0.0	0.88
11	569.807	4	DLLKEHYVDLKDRPFFAGL	60m	8	1.00	-	-	0.000;0.000;0.001;0.003;0.012;0.032;0.066;0.110;0.151;0.172;0.165;0.133;0.092;0.055;0.028;0.013;0.005;0.002;0.000;0.000;0.000;0.000;0.000;0.000	537	567	10.15	10.66	0.0;0.000;0.001;0.001;0.005;0.015;0.050;0.085;0.125;0.152;0.170;0.143;0.108;0.072;0.049;0.015;0.005;0.002;0.001;0.0;0.0;0.0;0.0	0.82
12	452.494	4	LKEHYVDLKDRPFF	30s	-	-	-	-	-	-	-	-	-	-	-	
12	452.494	4	LKEHYVDLKDRPFF	10m	4	1.00	-	-	0.003;0.019;0.062;0.128;0.186;0.204;0.174;0.119;0.067;0.031;0.012;0.004;0.001;0.000;0.000;0.000;0.000;0.000;0.000	475	488	9.09	9.31	0.059;0.048;0.064;0.118;0.165;0.181;0.156;0.107;0.055;0.024;0.008;0.011;0.004;0.0;0.0;0.0;0.0;0.0	0.86
12	452.494	4	LKEHYVDLKDRPFF	60m	4	1.00	-	-	0.003;0.019;0.063;0.130;0.190;0.208;0.177;0.121;0.068;0.032;0.013;0.004;0.001;0.000;0.000;0.000;0.000;0.000;0.000	478	490	9.14	9.35	0.056;0.043;0.056;0.112;0.160;0.178;0.163;0.117;0.064;0.027;0.011;0.012;0.001;0.0;0.0;0.0;0.0;0.0	0.87
13	602.989	3	LKEHYVDLKDRPFF	30s	-	-	-	-	-	-	-	-	-	-	-	
13	602.989	3	LKEHYVDLKDRPFF	10m	4	1.00	-	-	0.003;0.018;0.059;0.122;0.177;0.194;0.165;0.113;0.063;0.030;0.012;0.004;0.001;0.000;0.000;0.000;0.000;0.000;0.000	475	488	9.09	9.31	0.046;0.036;0.045;0.097;0.165;0.194;0.176;0.127;0.070;0.031;0.013;0.0;0.0;0.0;0.0;0.0;0.0;0.0	0.84
13	602.989	3	LKEHYVDLKDRPFF	60m	4	1.00	-	-	0.003;0.020;0.066;0.137;0.199;0.218;0.186;0.127;0.071;0.033;0.013;0.005;0.001;0.000;0.000;0.000;0.000;0.000;0.000	478	490	9.14	9.35	0.047;0.034;0.040;0.086;0.158;0.191;0.179;0.135;0.078;0.035;0.015;0.002;0.0;0.0;0.0;0.0;0.0;0.0	0.81
14	683.370	3	LKEHYVDLKDRPFFAGL	30s	5	1.00	-	-	0.001;0.006;0.026;0.067;0.124;0.175;0.195;0.176;0.131;0.082;0.044;0.020;0.008;0.003;0.001;0.000;0.000;0.000;0.000;0.000;0.000;0.000	497	542	9.47	10.23	0.006;0.009;0.025;0.069;0.117;0.152;0.160;0.144;0.119;0.090;0.046;0.031;0.026;0.001;0.002;0.002;0.001;0.0;0.0;0.0;0.0	0.87
14	683.370	3	LKEHYVDLKDRPFFAGL	10m	6	1.00	-	-	0.000;0.002;0.008;0.028;0.067;0.118;0.165;0.184;0.169;0.128;0.082;0.045;0.021;0.008;0.003;0.001;0.000;0.000;0.000;0.000;0.000;0.000	495	542	9.43	10.23	0.001;0.002;0.005;0.024;0.059;0.104;0.145;0.160;0.148;0.129;0.096;0.060;0.036;0.007;0.010;0.014;0.000;0.000;0.000;0.0;0.0	0.87
14	683.370	3	LKEHYVDLKDRPFFAGL	60m	6	1.00	-	-	0.000;0.002;0.008;0.027;0.063;0.113;0.157;0.175;0.160;0.122;0.078;0.043;0.020;0.008;0.003;0.001;0.000;0.000;0.000;0.000;0.000;0.000	497	541	9.47	10.21	0.001;0.001;0.003;0.017;0.046;0.091;0.138;0.159;0.151;0.134;0.105;0.064;0.035;0.011;0.011;0.017;0.004;0.004;0.005;0.001;0.000	0.80
15	1024.552	2	LKEHYVDLKDRPFFAGL	30s	5	1.00	-	-	0.001;0.006;0.024;0.064;0.119;0.167;0.186;0.167;0.125;0.079;0.042;0.019;0.008;0.003;0.001;0.000;0.000;0.000;0.000;0.000;0.000;0.000	497	506	9.47	9.62	0.009;0.010;0.022;0.058;0.113;0.162;0.184;0.174;0.133;0.080;0.037;0.014;0.005;0.0;0.0;0.0;0.0;0.0;0.0;0.0;0.0	0.92
15	1024.552	2	LKEHYVDLKDRPFFAGL	10m	6	1.00	-	-	0.000;0.002;0.008;0.027;0.064;0.114;0.158;0.177;0.162;0.123;0.079;0.043;0.020;0.008;0.003;0.001;0.000;0.000;0.000;0.000;0.000;0.000	496	505	9.45	9.60	0.001;0.003;0.007;0.018;0.052;0.103;0.153;0.179;0.179;0.145;0.092;0.044;0.017;0.006;0.0;0.0;0.0;0.0;0.0;0.0;0.0	0.89
15	1024.552	2	LKEHYVDLKDRPFFAGL	60m	6	1.00	-	-	0.000;0.002;0.009;0.030;0.071;0.126;0.176;0.196;0.180;0.137;0.088;0.048;0.022;0.009;0.003;0.001;0.000;0.000;0.000;0.000;0.000;0.000	497	508	9.47	9.65	0.0;0.003;0.009;0.016;0.043;0.089;0.141;0.176;0.182;0.155;0.104;0.051;0.020;0.007;0.002;0.0;0.0;0.0;0.0;0.0;0.0	0.82
16	484.509	4	KEHYVDLKDRPFFAGL	30s	5	1.00	-	-	0.001;0.006;0.026;0.069;0.128;0.180;0.199;0.177;0.129;0.078;0.040;0.018;0.007;0.002;0.001;0.000;0.000;0.000;0.000;0.000;0.000	462	503	8.87	9.57	0.004;0.011;0.033;0.081;0.130;0.163;0.170;0.155;0.119;0.077;0.036;0.016;0.004;0.000;0.0;0.0;0.0;0.0;0.0;0.0	0.91
16	484.509	4	KEHYVDLKDRPFFAGL	10m	6	1.00	-	-	0.000;0.002;0.009;0.029;0.070;0.126;0.176;0.196;0.177;0.131;0.081;0.042;0.019;0.007;0.002;0.001;0.000;0.000;0.000;0.000;0.000	461	502	8.85	9.55	0.002;0.004;0.014;0.043;0.087;0.130;0.157;0.162;0.147;0.119;0.078;0.040;0.014;0.004;0.000;0.000;0.0;0.0;0.0;0.0	0.88
16	484.509	4	KEHYVDLKDRPFFAGL	60m	6	1.00	-	-	0.000;0.002;0.008;0.029;0.069;0.124;0.173;0.192;0.174;0.129;0.080;0.042;0.018;0.007;0.002;0.001;0.000;0.000;0.000;0.000;0.000	462	486	8.87	9.28	0.002;0.006;0.015;0.047;0.096;0.139;0.160;0.158;0.141;0.115;0.074;0.034;0.010;0.004;0.0;0.0;0.0;0.0;0.0;0.0	0.83
17	645.676	3	KEHYVDLKDRPFFAGL	30s	5	1.00	-	-	0.001;0.006;0.026;0.069;0.128;0.180;0.199;0.177;0.129;0.078;0.040;0.018;0.007;0.002;0.001;0.000;0.000;0.000;0.000;0.000;0.000	493	519	9.40	9.84	0.004;0.009;0.024;0.062;0.123;0.180;0.179;0.165;0.136;0.072;0.032;0.012;0.002;0.0;0.0;0.0;0.0;0.0;0.0;0.0	0.93
17	645.676	3	KEHYVDLKDRPFFAGL	10m	6	1.00	-	-	0.000;0.001;0.008;0.027;0.066;0.118;0.165;0.183;0.165;0.123;0.076;0.040;0.018;0.007;0.002;0.001;0.000;0.000;0.000;0.000;0.000	491	537	9.36	10.15	0.000;0.001;0.006;0.016;0.052;0.118;0.146;0.182;0.194;0.130;0.089;0.051;0.012;0.003;0.0;0.0;0.0;0.0;0.0;0.0	0.88
17	645.676	3	KEHYVDLKDRPFFAGL	60m	7	1.00	-	-	0.000;0.000;0.002;0.008;0.026;0.059;0.105;0.147;0.166;0.151;0.113;0.070;0.036;0.016;0.006;0.002;0.000;0.000;0.000;0.000;0.000	493	537	9.40	10.15	0.0;0.001;0.004;0.011;0.037;0.102;0.138;0.175;0.201;0.141;0.106;0.063;0.017;0.004;0.000;0.0;0.0;0.0;0.0;0.0	0.80
18	559.963	3	HYVDLKDRPFFAGL	30s	5	1.00	-	-	0.001;0.006;0.025;0.069;0.133;0.189;0.205;0.176;0.121;0.067;0.031;0.012;0.004;0.001;0.000;0.000;0.000;0.000;0.000	511	534	9.70	10.09	0.001;0.005;0.014;0.055;0.114;0.163;0.186;0.179;0.136;0.084;0.045;0.013;0.004;0.002;0.0;0.0;0.0;0.0	0.87
18	559.963	3	HYVDLKDRPFFAGL	10m	6	1.00	-	-	0.000;0.001;0.007;0.026;0.067;0.126;0.179;0.198;0.172;0.119;0.067;0.031;0.012;0.004;0.001;0.000;0.000;0.000;0.000	510	541	9.69	10.21	0.0;0.001;0.003;0.015;0.058;0.107;0.156;0.189;0.175;0.137;0.094;0.040;0.013;0.009;0.001;0.0;0.0;0.0	0.87
18	559.963	3	HYVDLKDRPFFAGL	60m	7	1.00	-	-	0.000;0.000;0.001;0.007;0.026;0.065;0.123;0.178;0.200;0.176;0.121;0.066;0.029;0.010;0.003;0.001;0.000;0.000;0.000	512	542	9.72	10.23	0.0;0.000;0.002;0.011;0.050;0.095;0.148;0.187;0.180;0.148;0.102;0.049;0.015;0.010;0.002;0.0;0.0;0.0	0.81
19	650.858	2	LVKYMHSGPVVA	30s	1	1.00	-	-	0.167;0.307;0.285;0.179;0.085;0.033;0.011;0.003;0.001;0.000;0.000;0.000;0.000;0.000;0.000;0.000	385	404	7.56	7.88	0.146;0.232;0.239;0.190;0.100;0.031;0.010;0.003;0.001;0.005;0.011;0.013;0.011;0.006;0.003	0.82
19	650.858	2	LVKYMHSGPVVA	10m	2	1.00	-	-	0.045;0.144;0.222;0.219;0.156;0.086;0.038;0.014;0.004;0.001;0.000;0.000;0.000;0.000;0.000;0.000	381	398	7.49	7.78	0.086;0.204;0.241;0.215;0.142;0.054;0.015;0.005;0.001;0.003;0.007;0.009;0.009;0.006;0.003	0.77
19	650.858	2	LVKYMHSGPVVA	60m	2	1.00	-	-	0.049;0.157;0.241;0.238;0.169;0.093;0.042;0.015;0.005;0.001;0.000;0.000;0.000;0.000;0.000;0.000	384	398	7.54	7.78	0.063;0.177;0.228;0.219;0.163;0.074;0.022;0.007;0.002;0.002;0.006;0.010;0.011;0.009;0.006	0.85
20	716.378	2	LVKYMHSGPVVAM	30s	-	-	-	-	-	-	-	-	-	-	-	
20	716.378	2	LVKYMHSGPVVAM	10m	2	1.00	-	-	0.048;0.156;0.246;0.252;0.191;0.114;0.056;0.024;0.009;0.003;0.001;0.000;0.000;0.000;0.000;0.000;0.000;0.000	413	433	8.04	8.38	0.053;0.193;0.300;0.244;0.136;0.055;0.016;0.002;0.0;0.0;0.0;0.0;0.0;0.0;0.0;0.0;0.0	0.75
20	716.378	2	LVKYMHSGPVVAM	60m	2	1.00	-	-	0.043;0.138;0.217;0.223;0.168;0.100;0.050;0.021;0.008;0.002;0.001;0.000;0.000;0.000;0.000;0.000;0.000;0.000	415	435	8.07	8.41	0.041;0.148;0.280;0.267;0.164;0.071;0.025;0.005;0.0;0.0;0.0;0.0;0.0;0.0;0.0;0.0;0.0	0.83
21	594.316	2	VKYMHSGPVVA	30s	2	0.75	0	0.25	0.161;0.205;0.224;0.193;0.128;0.067;0.028;0.010;0.003;0.001;0.000;0.000;0.000;0.000;0.000	342	399	6.83	7.80	0.158;0.216;0.222;0.196;0.130;0.054;0.017;0.005;0.001;0.000;0.000;0.000;0.000;0.000	0.94
21	594.316	2	VKYMHSGPVVA	10m	2	1.00	-	-	0.047;0.152;0.232;0.223;0.154;0.081;0.035;0.012;0.004;0.001;0.000;0.000;0.000;0.000;0.000	342	392	6.83	7.68	0.106;0.201;0.225;0.207;0.152;0.073;0.025;0.008;0.001;0.001;0.000;0.000;0.000;0.000	0.83
21	594.316	2	VKYMHSGPVVA	60m	2	1.00	-	-	0.054;0.173;0.264;0.254;0.175;0.092;0.039;0.014;0.004;0.001;0.000;0.000;0.000;0.000;0.000	343	395	6.85	7.73	0.079;0.179;0.218;0.212;0.169;0.093;0.034;0.010;0.003;0.001;0.001;0.001;0.001;0.000	0.88
22	501.810	2	VVKTGRVML	30s	1	0.51	0	0.49	0.360;0.305;0.192;0.092;0.036;0.012;0.003;0.001;0.000;0.000;0.000;0.000;0.000;0.000	363	392	7.19	7.68	0.337;0.330;0.212;0.082;0.027;0.011;0.001;0.0;0.0;0.0;0.0;0.0;0.0	0.91
22	501.810	2	VVKTGRVML	10m	1	1.00	-	-	0.182;0.308;0.257;0.144;0.060;0.021;0.006;0.001;0.000;0.000;0.000;0.000;0.000;0.000	358	391	7.10	7.66	0.252;0.303;0.247;0.127;0.047;0.018;0.007;0.000;0.0;0.0;0.0;0.0;0.0	0.89
22	501.810	2	VVKTGRVML	60m	1	1.00	-	-	0.203;0.342;0.286;0.160;0.067;0.023;0.007;0.002;0.000;0.000;0.000;0.000;0.000;0.000	362	395	7.17	7.73	0.165;0.251;0.255;0.186;0.091;0.035;0.012;0.005;0.0;0.0;0.0;0.0;0.0	0.82
23	687.114	4	VVKTGRVMLGETNPADSKPGTIRGDF	30s	4	1.00	-	-	0.003;0.017;0.053;0.106;0.158;0.185;0.177;0.143;0.099;0.061;0.033;0.016;0.007;0.003;0.001;0.000;0.000;0.000;0.000;0.000;0.000;0.000;0.000;0.000;0.000;0.000;0.000;0.000;0.000;0.000;0.000	414	478	8.05	9.14	0.017;0.059;0.117;0.137;0.128;0.120;0.111;0.102;0.097;0.061;0.026;0.013;0.007;0.004;0.001;0.000;0.0;0.0;0.0;0.0;0.0;0.0;0.0;0.0;0.0;0.0;0.0;0.0;0.0;0.0	0.69
23	687.114	4	VVKTGRVMLGETNPADSKPGTIRGDF	10m	5	1.00	-	-	0.001;0.006;0.024;0.059;0.108;0.153;0.177;0.172;0.142;0.103;0.065;0.037;0.019;0.009;0.004;0.001;0.000;0.000;0.000;0.000;0.000;0.000;0.000;0.000;0.000;0.000;0.000;0.000;0.000;0.000;0.000	409	479	7.97	9.16	0.008;0.029;0.075;0.121;0.125;0.116;0.109;0.102;0.097;0.095;0.064;0.029;0.015;0.009;0.005;0.002;0.000;0.0;0.0;0.0;0.0;0.0;0.0;0.0;0.0;0.0;0.0;0.0;0.0;0.0	0.67
23	687.114	4	VVKTGRVMLGETNPADSKPGTIRGDF	60m	4	1.00	-	-	0.003;0.017;0.054;0.108;0.161;0.188;0.180;0.145;0.101;0.062;0.033;0.016;0.007;0.003;0.001;0.000;0.000;0.000;0.000;0.000;0.000;0.000;0.000;0.000;0.000;0.000;0.000;0.000;0.000;0.000;0.000	412	478	8.02	9.14	0.006;0.016;0.039;0.085;0.116;0.115;0.107;0.102;0.097;0.095;0.093;0.064;0.031;0.017;0.010;0.005;0.002;0.001;0.000;0.000;0.0;0.0;0.0;0.0;0.0;0.0;0.0;0.0;0.0;0.0	0.67
24	680.846	2	PADSKPGTIRGDF	30s	2	1.00	-	-	0.051;0.165;0.252;0.243;0.167;0.088;0.037;0.013;0.004;0.001;0.000;0.000;0.000;0.000;0.000;0.000	418	435	8.12	8.41	0.027;0.083;0.121;0.115;0.081;0.045;0.022;0.016;0.020;0.023;0.019;0.015;0.012;0.155;0.246	0.48
24	680.846	2	PADSKPGTIRGDF	10m	3	1.00	-	-	0.014;0.069;0.162;0.233;0.233;0.172;0.099;0.045;0.017;0.005;0.001;0.000;0.000;0.000;0.000;0.000	412	437	8.02	8.45	0.016;0.060;0.103;0.118;0.098;0.066;0.037;0.026;0.024;0.027;0.023;0.018;0.015;0.077;0.293	0.42
24	680.846	2	PADSKPGTIRGDF	60m	3	1.00	-	-	0.014;0.069;0.162;0.233;0.233;0.172;0.099;0.045;0.017;0.005;0.001;0.000;0.000;0.000;0.000;0.000	413	439	8.04	8.48	0.013;0.048;0.095;0.126;0.120;0.091;0.055;0.037;0.028;0.028;0.026;0.023;0.018;0.044;0.248	0.53
25	639.329	4	CIQVGRNIIHGSDSVESAEKEIGL	30s	4	1.00	-	-	0.003;0.020;0.060;0.118;0.171;0.195;0.182;0.143;0.097;0.058;0.030;0.014;0.006;0.002;0.001;0.000;0.000;0.000;0.000;0.000;0.000;0.000;0.000;0.000;0.000;0.000;0.000;0.000;0.000;0.000;0.000	500	564	9.52	10.60	0.007;0.011;0.036;0.091;0.148;0.167;0.157;0.136;0.120;0.065;0.029;0.019;0.012;0.003;0.0;0.0;0.0;0.0;0.0;0.0;0.0;0.0;0.0;0.0;0.0;0.0;0.0;0.0;0.0;0.0	0.85
25	639.329	4	CIQVGRNIIHGSDSVESAEKEIGL	10m	5	1.00	-	-	0.001;0.007;0.027;0.065;0.117;0.162;0.184;0.174;0.141;0.099;0.061;0.034;0.017;0.007;0.003;0.001;0.000;0.000;0.000;0.000;0.000;0.000;0.000;0.000;0.000;0.000;0.000;0.000;0.000;0.000;0.000	498	565	9.48	10.62	0.002;0.004;0.016;0.052;0.101;0.137;0.148;0.144;0.143;0.105;0.060;0.043;0.033;0.009;0.001;0.002;0.001;0.000;0.0;0.0;0.0;0.0;0.0;0.0;0.0;0.0;0.0;0.0;0.0;0.0	0.86
25	639.329	4	CIQVGRNIIHGSDSVESAEKEIGL	60m	7	1.00	-	-	0.000;0.001;0.004;0.013;0.034;0.067;0.108;0.144;0.161;0.156;0.131;0.097;0.063;0.037;0.019;0.009;0.004;0.002;0.001;0.000;0.000;0.000;0.000;0.000;0.000;0.000;0.000;0.000;0.000;0.000;0.000	500	565	9.52	10.62	0.001;0.002;0.004;0.012;0.039;0.075;0.111;0.133;0.150;0.136;0.111;0.091;0.072;0.034;0.014;0.007;0.002;0.000;0.001;0.001;0.001;0.001;0.001;0.000;0.000;0.000;0.000;0.000;0.000;0.000	0.89
26	852.103	3	CIQVGRNIIHGSDSVESAEKEIGL	30s	4	1.00	-	-	0.003;0.020;0.060;0.118;0.171;0.195;0.182;0.143;0.097;0.058;0.030;0.014;0.006;0.002;0.001;0.000;0.000;0.000;0.000;0.000;0.000;0.000;0.000;0.000;0.000;0.000;0.000;0.000;0.000;0.000;0.000	498	561	9.48	10.55	0.014;0.053;0.066;0.114;0.140;0.122;0.112;0.109;0.102;0.094;0.048;0.014;0.004;0.003;0.000;0.000;0.001;0.000;0.000;0.000;0.000;0.0;0.0;0.0;0.0;0.0;0.0;0.0;0.0;0.0	0.70
26	852.103	3	CIQVGRNIIHGSDSVESAEKEIGL	10m	5	1.00	-	-	0.001;0.007;0.027;0.065;0.117;0.162;0.184;0.174;0.141;0.099;0.061;0.034;0.017;0.007;0.003;0.001;0.000;0.000;0.000;0.000;0.000;0.000;0.000;0.000;0.000;0.000;0.000;0.000;0.000;0.000;0.000	497	560	9.47	10.54	0.004;0.040;0.032;0.072;0.126;0.121;0.115;0.118;0.105;0.100;0.093;0.047;0.016;0.008;0.001;0.000;0.000;0.000;0.000;0.000;0.000;0.000;0.000;0.000;0.0;0.0;0.0;0.0;0.0;0.0	0.72
26	852.103	3	CIQVGRNIIHGSDSVESAEKEIGL	60m	6	1.00	-	-	0.000;0.002;0.010;0.030;0.064;0.108;0.146;0.164;0.157;0.130;0.094;0.060;0.034;0.018;0.008;0.003;0.001;0.000;0.000;0.000;0.000;0.000;0.000;0.000;0.000;0.000;0.000;0.000;0.000;0.000;0.000	500	560	9.52	10.54	0.002;0.011;0.009;0.028;0.072;0.091;0.108;0.115;0.104;0.098;0.102;0.100;0.084;0.044;0.016;0.006;0.004;0.001;0.000;0.001;0.001;0.001;0.001;0.000;0.000;0.0;0.0;0.0;0.0;0.0	0.70
27	586.275	2	WFHPEELVD	30s	2	0.72	0	0.28	0.163;0.198;0.208;0.177;0.112;0.054;0.020;0.006;0.001;0.000;0.000;0.000;0.000	509	564	9.67	10.60	0.150;0.220;0.237;0.188;0.117;0.053;0.020;0.009;0.005;0.001;0.0;0.0	0.93
27	586.275	2	WFHPEELVD	10m	2	1.00	-	-	0.044;0.152;0.241;0.231;0.152;0.073;0.027;0.008;0.002;0.000;0.000;0.000;0.000	507	569	9.64	10.69	0.135;0.202;0.236;0.193;0.136;0.067;0.023;0.005;0.001;0.0;0.0;0.0	0.80
27	586.275	2	WFHPEELVD	60m	2	1.00	-	-	0.050;0.172;0.272;0.261;0.171;0.083;0.031;0.009;0.002;0.000;0.000;0.000;0.000	503	569	9.57	10.69	0.108;0.178;0.226;0.195;0.153;0.087;0.037;0.010;0.007;0.000;0.0;0.0	0.83
